,open,high,low,close
0,0.9941406,0.99451387,0.99322104,0.99411184
